new_name	old_name	pool
PKNH_12_v2-0198893-0199083	PKNH_12_v2-198869-199113-1AB	D1.1,M1.1,R1.1
PKNH_MIT_v2-0002298-0002488	PKNH_MIT_v2-2269-2518-6	M1.addon
Pf3D7_01_v3-0145420-0145630	Pf3D7_01_v3-145388-145662-1A	D1.1
Pf3D7_01_v3-0145448-0145627	Pf3D7_01_v3-145416-145660-2	v2
Pf3D7_01_v3-0145449-0145622	Pf3D7_01_v3-145416-145655-1	v1
Pf3D7_01_v3-0162888-0163092	Pf3D7_01_v3-162867-163115-1A	D1.1
Pf3D7_01_v3-0179891-0180120	Pf3D7_01_v3-179866-180151-2	v2
Pf3D7_01_v3-0179903-0180115	Pf3D7_01_v3-179874-180148-1	v1
Pf3D7_01_v3-0181544-0181729	Pf3D7_01_v3-181512-181761-1A	D1.1
Pf3D7_01_v3-0181557-0181673	Pf3D7_01_v3-181524-181699-1	v1
Pf3D7_01_v3-0181559-0181674	Pf3D7_01_v3-181528-181703-2	v2
Pf3D7_01_v3-0194763-0194942	Pf3D7_01_v3-194742-194973-1B	R1.1,R1.2
Pf3D7_01_v3-0455826-0456021	Pf3D7_01_v3-455794-456054-1A	D1.1
Pf3D7_01_v3-0495969-0496143	Pf3D7_01_v3-495940-496171-2	v2
Pf3D7_01_v3-0495971-0496143	Pf3D7_01_v3-495941-496171-1	v1
Pf3D7_01_v3-0500944-0501178	Pf3D7_01_v3-500912-501201-2	v2
Pf3D7_01_v3-0512198-0512388	Pf3D7_01_v3-512169-512418-2	v2
Pf3D7_01_v3-0512199-0512388	Pf3D7_01_v3-512168-512418-1	v1
Pf3D7_01_v3-0517559-0517773	Pf3D7_01_v3-517527-517806-2	v2
Pf3D7_01_v3-0528889-0529073	Pf3D7_01_v3-528859-529104-1A	D1.1
Pf3D7_01_v3-0529052-0529245	Pf3D7_01_v3-529027-529276-2	v2
Pf3D7_01_v3-0531682-0531900	Pf3D7_01_v3-531656-531930-1	v1
Pf3D7_01_v3-0531684-0531900	Pf3D7_01_v3-531657-531930-2	v2
Pf3D7_01_v3-0532688-0532844	Pf3D7_01_v3-532660-532872-2	v2
Pf3D7_01_v3-0532690-0532844	Pf3D7_01_v3-532660-532872-1	v1
Pf3D7_01_v3-0533936-0534159	Pf3D7_01_v3-533904-534192-2	v2
Pf3D7_01_v3-0534215-0534368	Pf3D7_01_v3-534182-534397-1	v1
Pf3D7_01_v3-0534941-0535110	Pf3D7_01_v3-534908-535143-1	v1
Pf3D7_01_v3-0534941-0535114	Pf3D7_01_v3-534909-535147-2	v2
Pf3D7_01_v3-0535811-0536008	Pf3D7_01_v3-535784-536038-2	v2
Pf3D7_01_v3-0535994-0536206	Pf3D7_01_v3-535965-536239-1A	D1.1
Pf3D7_02_v3-0109801-0109988	Pf3D7_02_v3-109769-110018-2	v2
Pf3D7_02_v3-0109807-0109982	Pf3D7_02_v3-109776-110014-1	v1
Pf3D7_02_v3-0278165-0278336	Pf3D7_02_v3-278144-278369-1	v1
Pf3D7_02_v3-0278165-0278336	Pf3D7_02_v3-278145-278369-2	v2
Pf3D7_02_v3-0290610-0290789	Pf3D7_02_v3-290580-290821-1A	D1.1
Pf3D7_02_v3-0291801-0291984	Pf3D7_02_v3-291770-292017-1A	D1.1
Pf3D7_02_v3-0320675-0320924	Pf3D7_02_v3-320652-320949-2	R2.1
Pf3D7_02_v3-0320785-0320988	Pf3D7_02_v3-320761-321010-2	v2
Pf3D7_02_v3-0470469-0470676	Pf3D7_02_v3-470437-470709-1A	D1.1
Pf3D7_02_v3-0470492-0470676	Pf3D7_02_v3-470459-470709-1	v1
Pf3D7_02_v3-0470492-0470676	Pf3D7_02_v3-470460-470709-2	v2
Pf3D7_02_v3-0501397-0501549	Pf3D7_02_v3-501366-501575-2	v2
Pf3D7_02_v3-0503071-0503260	Pf3D7_02_v3-503040-503288-1A	D1.1
Pf3D7_02_v3-0628973-0629143	Pf3D7_02_v3-628941-629172-1A	D1.1
Pf3D7_02_v3-0630673-0630874	Pf3D7_02_v3-630641-630907-1A	D1.1
Pf3D7_02_v3-0805822-0805942	Pf3D7_02_v3-805795-805970-1	v1
Pf3D7_02_v3-0805822-0805942	Pf3D7_02_v3-805796-805970-2	v2
Pf3D7_02_v3-0855446-0855674	Pf3D7_02_v3-855414-855702-2	v2
Pf3D7_03_v3-0085429-0085647	Pf3D7_03_v3-85402-85680-2	v2
Pf3D7_03_v3-0085440-0085646	Pf3D7_03_v3-85407-85679-1	v1
Pf3D7_03_v3-0085539-0085723	Pf3D7_03_v3-85507-85756-1A	D1.1
Pf3D7_03_v3-0141963-0142180	Pf3D7_03_v3-141937-142210-2	v2
Pf3D7_03_v3-0141963-0142181	Pf3D7_03_v3-141936-142210-1	v1
Pf3D7_03_v3-0221217-0221388	Pf3D7_03_v3-221185-221419-1B	R1.1,R1.2
Pf3D7_03_v3-0221327-0221511	Pf3D7_03_v3-221295-221532-2	M2.1,R2.1
Pf3D7_03_v3-0221363-0221495	Pf3D7_03_v3-221330-221521-1	v1
Pf3D7_03_v3-0221405-0221644	Pf3D7_03_v3-221379-221665-2	v2
Pf3D7_03_v3-0221484-0221679	Pf3D7_03_v3-221463-221712-1B	M1.1,R1.1,R1.2
Pf3D7_03_v3-0240989-0241224	Pf3D7_03_v3-240957-241256-2	R2.1
Pf3D7_03_v3-0326980-0327169	Pf3D7_03_v3-326953-327202-2	v2
Pf3D7_03_v3-0515440-0515629	Pf3D7_03_v3-515418-515657-1A	D1.1
Pf3D7_03_v3-0573584-0573767	Pf3D7_03_v3-573557-573797-2	v2
Pf3D7_03_v3-0618396-0618581	Pf3D7_03_v3-618367-618613-1	v1
Pf3D7_03_v3-0618396-0618586	Pf3D7_03_v3-618368-618617-2	v2
Pf3D7_03_v3-0653988-0654177	Pf3D7_03_v3-653959-654206-2	v2
Pf3D7_03_v3-0653993-0654177	Pf3D7_03_v3-653961-654206-1A	D1.1
Pf3D7_03_v3-0654002-0654175	Pf3D7_03_v3-653972-654204-1	v1
Pf3D7_03_v3-0701787-0701959	Pf3D7_03_v3-701755-701991-2	v2
Pf3D7_03_v3-0750423-0750628	Pf3D7_03_v3-750395-750658-2	v2
Pf3D7_03_v3-0850816-0850989	Pf3D7_03_v3-850788-851017-1	v1
Pf3D7_03_v3-0850816-0850993	Pf3D7_03_v3-850789-851020-2	v2
Pf3D7_03_v3-0855455-0855664	Pf3D7_03_v3-855426-855697-1A	D1.1
Pf3D7_03_v3-0891585-0891794	Pf3D7_03_v3-891553-891827-1A	D1.1,M1.1
Pf3D7_03_v3-0980796-0980964	Pf3D7_03_v3-980765-980997-1B	R1.1
Pf3D7_03_v3-0980885-0981092	Pf3D7_03_v3-980853-981120-2	R2.1
Pf3D7_03_v3-0981606-0981797	Pf3D7_03_v3-981574-981823-1B	R1.1
Pf3D7_03_v3-0981945-0982163	Pf3D7_03_v3-981921-982191-1B	R1.1
Pf3D7_03_v3-0982331-0982491	Pf3D7_03_v3-982299-982523-1B	R1.1
Pf3D7_03_v3-0988811-0988982	Pf3D7_03_v3-988783-989015-2	v2
Pf3D7_04_v3-0109911-0110088	Pf3D7_04_v3-109879-110114-2	v2
Pf3D7_04_v3-0109912-0110087	Pf3D7_04_v3-109879-110114-1	v1
Pf3D7_04_v3-0109961-0110151	Pf3D7_04_v3-109939-110184-1A	D1.1
Pf3D7_04_v3-0115483-0115652	Pf3D7_04_v3-115455-115684-1A	D1.1,M1.1
Pf3D7_04_v3-0128066-0128189	Pf3D7_04_v3-128041-128219-2	v2
Pf3D7_04_v3-0133491-0133700	Pf3D7_04_v3-133464-133726-2	v2
Pf3D7_04_v3-0133491-0133701	Pf3D7_04_v3-133463-133726-1	v1
Pf3D7_04_v3-0133612-0133801	Pf3D7_04_v3-133581-133830-1A	D1.1
Pf3D7_04_v3-0133960-0134121	Pf3D7_04_v3-133928-134154-1A	D1.1
Pf3D7_04_v3-0140349-0140516	Pf3D7_04_v3-140317-140548-1A	D1.1
Pf3D7_04_v3-0141758-0141948	Pf3D7_04_v3-141731-141977-2	v2
Pf3D7_04_v3-0141761-0141957	Pf3D7_04_v3-141741-141990-1A	D1.1
Pf3D7_04_v3-0141778-0141945	Pf3D7_04_v3-141751-141975-1	v1
Pf3D7_04_v3-0191140-0191255	Pf3D7_04_v3-191109-191288-2	v2
Pf3D7_04_v3-0284153-0284333	Pf3D7_04_v3-284121-284364-1A	D1.1
Pf3D7_04_v3-0316623-0316825	Pf3D7_04_v3-316593-316858-1A	D1.1
Pf3D7_04_v3-0415653-0415826	Pf3D7_04_v3-415623-415859-1	v1
Pf3D7_04_v3-0415656-0415843	Pf3D7_04_v3-415625-415874-2	v2
Pf3D7_04_v3-0544486-0544685	Pf3D7_04_v3-544454-544718-1A	D1.1,M1.1
Pf3D7_04_v3-0544718-0544861	Pf3D7_04_v3-544686-544888-1	v1
Pf3D7_04_v3-0544718-0544882	Pf3D7_04_v3-544687-544910-2	v2
Pf3D7_04_v3-0648096-0648299	Pf3D7_04_v3-648065-648332-1A	D1.1
Pf3D7_04_v3-0748128-0748326	Pf3D7_04_v3-748105-748359-1B	M1.1,R1.1,R1.2
Pf3D7_04_v3-0748220-0748436	Pf3D7_04_v3-748190-748469-2	v2
Pf3D7_04_v3-0748230-0748436	Pf3D7_04_v3-748200-748469-1	v1
Pf3D7_04_v3-0748406-0748581	Pf3D7_04_v3-748374-748611-1B	M1.1,R1.1,R1.2
Pf3D7_04_v3-0748527-0748696	Pf3D7_04_v3-748495-748725-2	v2
Pf3D7_04_v3-0748533-0748696	Pf3D7_04_v3-748500-748725-1	v1
Pf3D7_04_v3-0748617-0748789	Pf3D7_04_v3-748585-748822-2	R2.1
Pf3D7_04_v3-0802522-0802716	Pf3D7_04_v3-802492-802741-2	v2
Pf3D7_04_v3-0802525-0802713	Pf3D7_04_v3-802494-802740-1	v1
Pf3D7_04_v3-0880825-0880993	Pf3D7_04_v3-880793-881025-2	v2
Pf3D7_04_v3-0900558-0900729	Pf3D7_04_v3-900526-900759-1A	D1.1
Pf3D7_04_v3-1005970-1006155	Pf3D7_04_v3-1005938-1006187-1A	D1.1,M2.1
Pf3D7_04_v3-1037634-1037844	Pf3D7_04_v3-1037602-1037868-1	v1
Pf3D7_04_v3-1037634-1037844	Pf3D7_04_v3-1037603-1037868-2	v2
Pf3D7_04_v3-1037676-1037859	Pf3D7_04_v3-1037644-1037891-1A	D1.1
Pf3D7_04_v3-1077359-1077536	Pf3D7_04_v3-1077327-1077562-1B	R1.1
Pf3D7_04_v3-1082808-1083016	Pf3D7_04_v3-1082776-1083049-1B	R1.1
Pf3D7_04_v3-1083126-1083298	Pf3D7_04_v3-1083095-1083331-1B	R1.1
Pf3D7_04_v3-1083331-1083530	Pf3D7_04_v3-1083299-1083563-2	R2.1
Pf3D7_04_v3-1083442-1083635	Pf3D7_04_v3-1083411-1083668-1B	R1.1
Pf3D7_04_v3-1100656-1100831	Pf3D7_04_v3-1100629-1100863-1	v1
Pf3D7_04_v3-1100656-1100831	Pf3D7_04_v3-1100630-1100863-2	v2
Pf3D7_04_v3-1101748-1101958	Pf3D7_04_v3-1101723-1101990-2	v2
Pf3D7_04_v3-1102389-1102578	Pf3D7_04_v3-1102362-1102606-1	v1
Pf3D7_04_v3-1102389-1102581	Pf3D7_04_v3-1102363-1102609-2	v2
Pf3D7_04_v3-1113421-1113612	Pf3D7_04_v3-1113397-1113639-1A	D1.1
Pf3D7_04_v3-1113428-1113627	Pf3D7_04_v3-1113404-1113653-2	v2
Pf3D7_04_v3-1113450-1113604	Pf3D7_04_v3-1113422-1113632-1	v1
Pf3D7_04_v3-1128488-1128673	Pf3D7_04_v3-1128462-1128705-2	v2
Pf3D7_04_v3-1128489-1128673	Pf3D7_04_v3-1128461-1128705-1	v1
Pf3D7_04_v3-1138060-1138283	Pf3D7_04_v3-1138029-1138316-2	v2
Pf3D7_05_v3-0213059-0213219	Pf3D7_05_v3-213027-213251-1A	D1.1
Pf3D7_05_v3-0269263-0269466	Pf3D7_05_v3-269241-269499-2	v2
Pf3D7_05_v3-0329372-0329554	Pf3D7_05_v3-329348-329581-2	v2
Pf3D7_05_v3-0329378-0329550	Pf3D7_05_v3-329351-329578-1	v1
Pf3D7_05_v3-0350840-0351019	Pf3D7_05_v3-350808-351052-1A	D1.1,M2.1
Pf3D7_05_v3-0369705-0369916	Pf3D7_05_v3-369676-369949-1A	D1.1
Pf3D7_05_v3-0395919-0396103	Pf3D7_05_v3-395887-396136-1A	D1.1
Pf3D7_05_v3-0550834-0551043	Pf3D7_05_v3-550803-551072-1A	D1.1
Pf3D7_05_v3-0565092-0565277	Pf3D7_05_v3-565061-565310-2	v2
Pf3D7_05_v3-0615411-0615646	Pf3D7_05_v3-615379-615678-2	R2.1
Pf3D7_05_v3-0641162-0641373	Pf3D7_05_v3-641131-641404-1A	D1.1
Pf3D7_05_v3-0668787-0668979	Pf3D7_05_v3-668763-669004-1A	D1.1
Pf3D7_05_v3-0796550-0796728	Pf3D7_05_v3-796518-796759-1A	D1.1
Pf3D7_05_v3-0832893-0833080	Pf3D7_05_v3-832862-833110-2	v2
Pf3D7_05_v3-0958058-0958222	Pf3D7_05_v3-958028-958255-2	v2
Pf3D7_05_v3-0958059-0958221	Pf3D7_05_v3-958027-958254-1	v1
Pf3D7_05_v3-0958105-0958317	Pf3D7_05_v3-958079-958350-1B	M1.1,R1.1,R1.2
Pf3D7_05_v3-0958384-0958510	Pf3D7_05_v3-958354-958542-2	v2
Pf3D7_05_v3-0958389-0958506	Pf3D7_05_v3-958362-958539-1	v1
Pf3D7_05_v3-0958394-0958580	Pf3D7_05_v3-958372-958608-1B	M1.1,R1.1,R1.2
Pf3D7_05_v3-0958952-0959135	Pf3D7_05_v3-958920-959168-1B	R1.1,R1.2
Pf3D7_05_v3-0959211-0959413	Pf3D7_05_v3-959183-959446-6	M1.1
Pf3D7_05_v3-0960841-0961021	Pf3D7_05_v3-960810-961048-1B	R1.1,R1.2
Pf3D7_05_v3-0961543-0961730	Pf3D7_05_v3-961511-961758-1B	M1.1,R1.1,R1.2
Pf3D7_05_v3-0991333-0991515	Pf3D7_05_v3-991301-991547-2	v2
Pf3D7_05_v3-1042157-1042281	Pf3D7_05_v3-1042126-1042311-2	v2
Pf3D7_05_v3-1042162-1042281	Pf3D7_05_v3-1042129-1042311-1	v1
Pf3D7_05_v3-1188488-1188673	Pf3D7_05_v3-1188456-1188706-1A	D1.1
Pf3D7_05_v3-1309591-1309773	Pf3D7_05_v3-1309567-1309800-2	v2
Pf3D7_05_v3-1309609-1309744	Pf3D7_05_v3-1309581-1309771-1	v1
Pf3D7_05_v3-1322131-1322313	Pf3D7_05_v3-1322099-1322341-1A	D1.1,M1.1
Pf3D7_06_v3-0086246-0086422	Pf3D7_06_v3-86220-86446-2	v2
Pf3D7_06_v3-0114484-0114647	Pf3D7_06_v3-114456-114679-2	v2
Pf3D7_06_v3-0145317-0145502	Pf3D7_06_v3-145285-145531-1A	D1.1
Pf3D7_06_v3-0145341-0145507	Pf3D7_06_v3-145315-145537-2	v2
Pf3D7_06_v3-0145343-0145501	Pf3D7_06_v3-145315-145530-1	v1
Pf3D7_06_v3-0176138-0176305	Pf3D7_06_v3-176108-176338-1A	D1.1
Pf3D7_06_v3-0322857-0323081	Pf3D7_06_v3-322831-323113-2	v2
Pf3D7_06_v3-0416486-0416688	Pf3D7_06_v3-416462-416720-1A	D1.1
Pf3D7_06_v3-0532192-0532383	Pf3D7_06_v3-532165-532411-2	v2
Pf3D7_06_v3-0532194-0532380	Pf3D7_06_v3-532166-532407-1A	D1.1,M1.1
Pf3D7_06_v3-0532195-0532378	Pf3D7_06_v3-532167-532405-1	v1
Pf3D7_06_v3-0799786-0799956	Pf3D7_06_v3-799754-799983-2	v2
Pf3D7_06_v3-0851515-0851740	Pf3D7_06_v3-851492-851765-1A	D1.1
Pf3D7_06_v3-0857486-0857720	Pf3D7_06_v3-857454-857753-2	R2.1
Pf3D7_06_v3-1002583-1002776	Pf3D7_06_v3-1002556-1002803-2	v2
Pf3D7_06_v3-1115931-1116136	Pf3D7_06_v3-1115900-1116168-1A	D1.1
Pf3D7_06_v3-1128590-1128771	Pf3D7_06_v3-1128558-1128797-1A	D1.1
Pf3D7_06_v3-1135637-1135827	Pf3D7_06_v3-1135605-1135855-1A	D1.1
Pf3D7_06_v3-1136121-1136332	Pf3D7_06_v3-1136091-1136364-1A	D1.1
Pf3D7_06_v3-1140924-1141141	Pf3D7_06_v3-1140900-1141174-1A	D1.1
Pf3D7_06_v3-1192659-1192836	Pf3D7_06_v3-1192628-1192867-1A	D1.1
Pf3D7_06_v3-1197277-1197483	Pf3D7_06_v3-1197245-1197515-1A	D1.1
Pf3D7_06_v3-1214845-1215036	Pf3D7_06_v3-1214815-1215069-1B	R1.1
Pf3D7_06_v3-1215267-1215479	Pf3D7_06_v3-1215236-1215502-1B	R1.1
Pf3D7_06_v3-1215515-1215727	Pf3D7_06_v3-1215495-1215756-1B	R1.1
Pf3D7_06_v3-1234457-1234602	Pf3D7_06_v3-1234427-1234629-2	v2
Pf3D7_06_v3-1235427-1235625	Pf3D7_06_v3-1235395-1235658-1A	D1.1
Pf3D7_06_v3-1268159-1268349	Pf3D7_06_v3-1268127-1268382-2	v2
Pf3D7_06_v3-1282687-1282898	Pf3D7_06_v3-1282656-1282930-1A	D1.1
Pf3D7_07_v3-0080240-0080439	Pf3D7_07_v3-80217-80463-2	v2
Pf3D7_07_v3-0080514-0080735	Pf3D7_07_v3-80492-80768-2	v2
Pf3D7_07_v3-0105200-0105414	Pf3D7_07_v3-105172-105442-1A	D1.1
Pf3D7_07_v3-0165235-0165422	Pf3D7_07_v3-165202-165450-1	v1
Pf3D7_07_v3-0166035-0166167	Pf3D7_07_v3-166002-166197-1	v1
Pf3D7_07_v3-0298880-0299007	Pf3D7_07_v3-298851-299035-2	v2
Pf3D7_07_v3-0298886-0299005	Pf3D7_07_v3-298857-299033-1	v1
Pf3D7_07_v3-0403499-0403683	Pf3D7_07_v3-403479-403716-1B	R1.1,R1.2
Pf3D7_07_v3-0403507-0403717	Pf3D7_07_v3-403487-403750-2	M1.1,R2.1
Pf3D7_07_v3-0403833-0404021	Pf3D7_07_v3-403801-404052-1B	R1.1,R1.2
Pf3D7_07_v3-0404357-0404564	Pf3D7_07_v3-404325-404590-1B	R1.1,R1.2
Pf3D7_07_v3-0404808-0404981	Pf3D7_07_v3-404776-405006-1B	R1.1
Pf3D7_07_v3-0405357-0405543	Pf3D7_07_v3-405334-405576-1B	R1.1
Pf3D7_07_v3-0405549-0405743	Pf3D7_07_v3-405517-405773-2	R2.1
Pf3D7_07_v3-0405597-0405815	Pf3D7_07_v3-405570-405844-1B	R1.1,R1.2
Pf3D7_07_v3-0432855-0433064	Pf3D7_07_v3-432832-433091-1A	D1.1
Pf3D7_07_v3-0465326-0465547	Pf3D7_07_v3-465298-465576-2	v2
Pf3D7_07_v3-0475343-0475512	Pf3D7_07_v3-475313-475545-1A	D1.1
Pf3D7_07_v3-0505660-0505889	Pf3D7_07_v3-505632-505916-2	v2
Pf3D7_07_v3-0613481-0613662	Pf3D7_07_v3-613450-613689-2	v2
Pf3D7_07_v3-0627381-0627592	Pf3D7_07_v3-627351-627625-1A	D1.1
Pf3D7_07_v3-0717292-0717461	Pf3D7_07_v3-717260-717493-1A	D1.1
Pf3D7_07_v3-0729507-0729725	Pf3D7_07_v3-729480-729750-1A	D1.1
Pf3D7_07_v3-0729975-0730087	Pf3D7_07_v3-729944-730118-2	v2
Pf3D7_07_v3-0729975-0730088	Pf3D7_07_v3-729943-730118-1	v1
Pf3D7_07_v3-0752058-0752226	Pf3D7_07_v3-752026-752255-2	v2
Pf3D7_07_v3-0896645-0896816	Pf3D7_07_v3-896613-896849-1B	R1.1,R1.2
Pf3D7_07_v3-1028361-1028570	Pf3D7_07_v3-1028330-1028603-1A	D1.1
Pf3D7_07_v3-1044011-1044195	Pf3D7_07_v3-1043981-1044225-1A	D1.1
Pf3D7_07_v3-1066693-1066879	Pf3D7_07_v3-1066661-1066903-1A	D1.1
Pf3D7_07_v3-1149398-1149585	Pf3D7_07_v3-1149367-1149613-1A	D1.1
Pf3D7_07_v3-1149413-1149585	Pf3D7_07_v3-1149386-1149613-2	v2
Pf3D7_07_v3-1149415-1149585	Pf3D7_07_v3-1149387-1149613-1	v1
Pf3D7_07_v3-1358694-1358911	Pf3D7_07_v3-1358666-1358941-1	v1
Pf3D7_07_v3-1358694-1358926	Pf3D7_07_v3-1358667-1358952-2	v2
Pf3D7_07_v3-1359198-1359337	Pf3D7_07_v3-1359171-1359364-2	v2
Pf3D7_07_v3-1359743-1359931	Pf3D7_07_v3-1359716-1359955-2	v2
Pf3D7_08_v3-0102308-0102500	Pf3D7_08_v3-102277-102527-1A	D1.1
Pf3D7_08_v3-0102323-0102503	Pf3D7_08_v3-102296-102531-2	v2
Pf3D7_08_v3-0102326-0102500	Pf3D7_08_v3-102298-102527-1	v1
Pf3D7_08_v3-0115255-0115405	Pf3D7_08_v3-115232-115438-2	v2
Pf3D7_08_v3-0336453-0336618	Pf3D7_08_v3-336421-336651-1A	D1.1,M2.1
Pf3D7_08_v3-0336468-0336647	Pf3D7_08_v3-336438-336674-1	v1
Pf3D7_08_v3-0336468-0336660	Pf3D7_08_v3-336439-336685-2	v2
Pf3D7_08_v3-0339168-0339357	Pf3D7_08_v3-339139-339389-1	v1
Pf3D7_08_v3-0339168-0339357	Pf3D7_08_v3-339140-339389-2	v2
Pf3D7_08_v3-0398571-0398744	Pf3D7_08_v3-398539-398776-2	v2
Pf3D7_08_v3-0399718-0399934	Pf3D7_08_v3-399693-399961-1A	D1.1
Pf3D7_08_v3-0412833-0413029	Pf3D7_08_v3-412801-413062-1A	D1.1
Pf3D7_08_v3-0476264-0476442	Pf3D7_08_v3-476232-476475-1A	D1.1
Pf3D7_08_v3-0477373-0477582	Pf3D7_08_v3-477346-477615-2	v2
Pf3D7_08_v3-0549609-0549776	Pf3D7_08_v3-549583-549807-1B	M1.1,R1.1,R1.2
Pf3D7_08_v3-0549988-0550182	Pf3D7_08_v3-549960-550215-1B	M1.1,R1.1,R1.2
Pf3D7_08_v3-0549992-0550218	Pf3D7_08_v3-549963-550251-2	v2
Pf3D7_08_v3-0549993-0550218	Pf3D7_08_v3-549962-550251-1	v1
Pf3D7_08_v3-0550089-0550294	Pf3D7_08_v3-550057-550318-2	M2.1,R2.1
Pf3D7_08_v3-0562395-0562618	Pf3D7_08_v3-562363-562651-2	v2
Pf3D7_08_v3-0585363-0585562	Pf3D7_08_v3-585331-585590-1A	D1.1
Pf3D7_08_v3-0585735-0585916	Pf3D7_08_v3-585703-585949-1A	D1.1
Pf3D7_08_v3-0586024-0586233	Pf3D7_08_v3-585993-586266-1A	D1.1
Pf3D7_08_v3-0933018-0933151	Pf3D7_08_v3-932991-933181-2	v2
Pf3D7_08_v3-0933023-0933143	Pf3D7_08_v3-932995-933173-1	v1
Pf3D7_08_v3-1056678-1056867	Pf3D7_08_v3-1056646-1056895-2	v2
Pf3D7_08_v3-1056702-1056878	Pf3D7_08_v3-1056678-1056903-1A	D1.1
Pf3D7_08_v3-1099750-1099944	Pf3D7_08_v3-1099719-1099977-1A	D1.1,M1.1
Pf3D7_08_v3-1176345-1176524	Pf3D7_08_v3-1176313-1176549-1A	D1.1,M2.1
Pf3D7_08_v3-1269320-1269455	Pf3D7_08_v3-1269295-1269482-2	v2
Pf3D7_08_v3-1269320-1269456	Pf3D7_08_v3-1269294-1269485-1	v1
Pf3D7_08_v3-1311941-1312142	Pf3D7_08_v3-1311910-1312173-2	v2
Pf3D7_08_v3-1313119-1313308	Pf3D7_08_v3-1313088-1313338-1A	D1.1
Pf3D7_08_v3-1314743-1314953	Pf3D7_08_v3-1314717-1314986-1A	D1.1
Pf3D7_08_v3-1325126-1325311	Pf3D7_08_v3-1325094-1325343-2	v2
Pf3D7_08_v3-1344650-1344813	Pf3D7_08_v3-1344618-1344845-1A	D1.1
Pf3D7_08_v3-1344684-1344819	Pf3D7_08_v3-1344653-1344847-2	v2
Pf3D7_08_v3-1344686-1344819	Pf3D7_08_v3-1344653-1344847-1	v1
Pf3D7_08_v3-1362890-1363087	Pf3D7_08_v3-1362863-1363120-2	v2
Pf3D7_08_v3-1362891-1363087	Pf3D7_08_v3-1362863-1363120-1	v1
Pf3D7_08_v3-1365741-1365924	Pf3D7_08_v3-1365709-1365954-1B	R1.1,R1.2
Pf3D7_08_v3-1365782-1365968	Pf3D7_08_v3-1365750-1365999-2	R2.1
Pf3D7_08_v3-1366599-1366795	Pf3D7_08_v3-1366575-1366822-2	R2.1
Pf3D7_08_v3-1366658-1366823	Pf3D7_08_v3-1366626-1366856-1B	R1.1,R1.2
Pf3D7_08_v3-1366771-1366965	Pf3D7_08_v3-1366744-1366993-2	v2
Pf3D7_08_v3-1370632-1370825	Pf3D7_08_v3-1370603-1370853-1B	R1.1,R1.2
Pf3D7_08_v3-1370846-1371012	Pf3D7_08_v3-1370814-1371045-2	R2.1
Pf3D7_08_v3-1375002-1375229	Pf3D7_08_v3-1374975-1375255-2	v2
Pf3D7_08_v3-1375056-1375259	Pf3D7_08_v3-1375025-1375284-1B	R1.1,R1.2
Pf3D7_08_v3-1375237-1375418	Pf3D7_08_v3-1375205-1375450-2	M1.1,R2.1
Pf3D7_08_v3-1378023-1378202	Pf3D7_08_v3-1377992-1378234-6	M1.1
Pf3D7_08_v3-1381276-1381463	Pf3D7_08_v3-1381244-1381492-2	v2
Pf3D7_08_v3-1382263-1382472	Pf3D7_08_v3-1382231-1382505-6	M1.1
Pf3D7_08_v3-1386816-1387005	Pf3D7_08_v3-1386786-1387035-2	R2.1
Pf3D7_08_v3-1386821-1387013	Pf3D7_08_v3-1386795-1387043-1B	M1.1,R1.1,R1.2
Pf3D7_09_v3-0082033-0082203	Pf3D7_09_v3-82006-82236-1A	D1.1
Pf3D7_09_v3-0158679-0158883	Pf3D7_09_v3-158647-158911-2	v2
Pf3D7_09_v3-0163067-0163221	Pf3D7_09_v3-163035-163254-2	v2
Pf3D7_09_v3-0163601-0163797	Pf3D7_09_v3-163577-163823-2	v2
Pf3D7_09_v3-0163845-0164021	Pf3D7_09_v3-163813-164052-1A	D1.1
Pf3D7_09_v3-0164074-0164287	Pf3D7_09_v3-164045-164311-1A	D1.1
Pf3D7_09_v3-0202886-0203076	Pf3D7_09_v3-202854-203106-1A	D1.1
Pf3D7_09_v3-0270941-0271136	Pf3D7_09_v3-270915-271160-1A	D1.1
Pf3D7_09_v3-0516766-0516980	Pf3D7_09_v3-516735-517007-1A	D1.1
Pf3D7_09_v3-0516903-0517092	Pf3D7_09_v3-516876-517125-2	v2
Pf3D7_09_v3-0516928-0517092	Pf3D7_09_v3-516904-517125-1	v1
Pf3D7_09_v3-0595860-0596063	Pf3D7_09_v3-595828-596094-1A	D1.1,M1.1
Pf3D7_09_v3-0596133-0596334	Pf3D7_09_v3-596101-596365-1	v1
Pf3D7_09_v3-0596133-0596334	Pf3D7_09_v3-596102-596365-2	v2
Pf3D7_09_v3-0685587-0685792	Pf3D7_09_v3-685560-685825-1A	D1.1
Pf3D7_09_v3-0685601-0685792	Pf3D7_09_v3-685583-685825-1	v1
Pf3D7_09_v3-0687890-0688056	Pf3D7_09_v3-687863-688088-2	v2
Pf3D7_09_v3-1015129-1015342	Pf3D7_09_v3-1015102-1015372-2	v2
Pf3D7_09_v3-1015130-1015317	Pf3D7_09_v3-1015103-1015350-1A	D1.1
Pf3D7_09_v3-1178893-1179078	Pf3D7_09_v3-1178862-1179111-2	v2
Pf3D7_09_v3-1178894-1179078	Pf3D7_09_v3-1178862-1179111-1	v1
Pf3D7_09_v3-1202239-1202458	Pf3D7_09_v3-1202212-1202488-2	v2
Pf3D7_09_v3-1360776-1360960	Pf3D7_09_v3-1360746-1360985-2	v2
Pf3D7_09_v3-1406371-1406581	Pf3D7_09_v3-1406342-1406614-1A	D1.1
Pf3D7_09_v3-1406403-1406541	Pf3D7_09_v3-1406375-1406572-2	v2
Pf3D7_09_v3-1406405-1406541	Pf3D7_09_v3-1406375-1406572-1	v1
Pf3D7_09_v3-1437114-1437302	Pf3D7_09_v3-1437082-1437331-2	v2
Pf3D7_09_v3-1437114-1437303	Pf3D7_09_v3-1437081-1437331-1	v1
Pf3D7_10_v3-0377060-0377250	Pf3D7_10_v3-377028-377277-2	v2
Pf3D7_10_v3-0377095-0377209	Pf3D7_10_v3-377062-377237-1	v1
Pf3D7_10_v3-0404432-0404621	Pf3D7_10_v3-404405-404653-2	v2
Pf3D7_10_v3-0490637-0490844	Pf3D7_10_v3-490605-490877-1B	R1.1
Pf3D7_10_v3-0828386-0828524	Pf3D7_10_v3-828360-828557-2	v2
Pf3D7_10_v3-0992362-0992570	Pf3D7_10_v3-992331-992603-1A	D1.1
Pf3D7_10_v3-0992367-0992544	Pf3D7_10_v3-992335-992572-2	v2
Pf3D7_10_v3-0992371-0992544	Pf3D7_10_v3-992338-992572-1	v1
Pf3D7_10_v3-0992621-0992836	Pf3D7_10_v3-992596-992869-1A	D1.1
Pf3D7_10_v3-1208157-1208354	Pf3D7_10_v3-1208133-1208382-2	v2
Pf3D7_10_v3-1326349-1326574	Pf3D7_10_v3-1326317-1326605-2	v2
Pf3D7_10_v3-1386689-1386876	Pf3D7_10_v3-1386657-1386909-1A	D1.1
Pf3D7_10_v3-1386693-1386876	Pf3D7_10_v3-1386666-1386909-2	v2
Pf3D7_10_v3-1386700-1386869	Pf3D7_10_v3-1386672-1386902-1	v1
Pf3D7_10_v3-1387017-1387187	Pf3D7_10_v3-1386986-1387218-2	v2
Pf3D7_10_v3-1392399-1392588	Pf3D7_10_v3-1392371-1392620-1A	D1.1
Pf3D7_10_v3-1399240-1399431	Pf3D7_10_v3-1399208-1399456-2	v2
Pf3D7_10_v3-1399533-1399719	Pf3D7_10_v3-1399507-1399751-2	v2
Pf3D7_10_v3-1399544-1399711	Pf3D7_10_v3-1399515-1399741-1	v1
Pf3D7_10_v3-1399858-1400057	Pf3D7_10_v3-1399834-1400083-2	v2
Pf3D7_10_v3-1414369-1414565	Pf3D7_10_v3-1414337-1414596-1A	D1.1,M2.1
Pf3D7_10_v3-1414630-1414799	Pf3D7_10_v3-1414599-1414832-1A	D1.1
Pf3D7_10_v3-1436479-1436682	Pf3D7_10_v3-1436451-1436714-1	v1
Pf3D7_10_v3-1436480-1436680	Pf3D7_10_v3-1436453-1436713-2	v2
Pf3D7_10_v3-1569863-1570076	Pf3D7_10_v3-1569831-1570100-2	v2
Pf3D7_11_v3-0115945-0116151	Pf3D7_11_v3-115913-116184-1A	D1.1,M2.1
Pf3D7_11_v3-0119463-0119672	Pf3D7_11_v3-119432-119705-1A	D1.1
Pf3D7_11_v3-0119485-0119693	Pf3D7_11_v3-119457-119726-2	v2
Pf3D7_11_v3-0119486-0119693	Pf3D7_11_v3-119456-119726-1	v1
Pf3D7_11_v3-0356232-0356450	Pf3D7_11_v3-356205-356478-2	v2
Pf3D7_11_v3-0408316-0408504	Pf3D7_11_v3-408285-408534-1A	D1.1
Pf3D7_11_v3-0408572-0408747	Pf3D7_11_v3-408543-408771-1A	D1.1
Pf3D7_11_v3-0497306-0497519	Pf3D7_11_v3-497277-497548-1A	D1.1
Pf3D7_11_v3-0690174-0690315	Pf3D7_11_v3-690150-690344-2	v2
Pf3D7_11_v3-0884621-0884768	Pf3D7_11_v3-884594-884796-2	v2
Pf3D7_11_v3-1006725-1006893	Pf3D7_11_v3-1006693-1006917-1A	D1.1
Pf3D7_11_v3-1009854-1010039	Pf3D7_11_v3-1009823-1010072-2	v2
Pf3D7_11_v3-1009856-1010038	Pf3D7_11_v3-1009831-1010071-1	v1
Pf3D7_11_v3-1018813-1019021	Pf3D7_11_v3-1018781-1019053-1A	D1.1
Pf3D7_11_v3-1018934-1019086	Pf3D7_11_v3-1018902-1019114-2	v2
Pf3D7_11_v3-1018953-1019085	Pf3D7_11_v3-1018920-1019113-1	v1
Pf3D7_11_v3-1019078-1019287	Pf3D7_11_v3-1019050-1019319-1A	D1.1
Pf3D7_11_v3-1019467-1019602	Pf3D7_11_v3-1019442-1019630-2	v2
Pf3D7_11_v3-1127103-1127294	Pf3D7_11_v3-1127074-1127316-1A	D1.1
Pf3D7_11_v3-1293943-1294136	Pf3D7_11_v3-1293919-1294168-1A	D1.1
Pf3D7_11_v3-1293946-1294072	Pf3D7_11_v3-1293920-1294097-2	v2
Pf3D7_11_v3-1294305-1294547	Pf3D7_11_v3-1294284-1294580-1B	R1.1,R1.2
Pf3D7_11_v3-1294307-1294525	Pf11_01_v3-1294288-1294505-1	ama1
Pf3D7_11_v3-1294324-1294547	Pf3D7_11_v3-1294295-1294580-2	v2
Pf3D7_11_v3-1294690-1294888	Pf3D7_11_v3-1294664-1294910-1A	D1.1
Pf3D7_11_v3-1295135-1295311	Pf3D7_11_v3-1295103-1295335-1A	D1.1
Pf3D7_11_v3-1295397-1295564	Pf3D7_11_v3-1295371-1295597-1A	D1.1
Pf3D7_11_v3-1374946-1375115	Pf3D7_11_v3-1374917-1375148-1A	D1.1
Pf3D7_11_v3-1375839-1376024	Pf3D7_11_v3-1375807-1376056-1A	D1.1
Pf3D7_11_v3-1376086-1376276	Pf3D7_11_v3-1376058-1376305-1A	D1.1
Pf3D7_11_v3-1376183-1376374	Pf3D7_11_v3-1376159-1376403-2	v2
Pf3D7_11_v3-1376185-1376372	Pf3D7_11_v3-1376159-1376402-1	v1
Pf3D7_11_v3-1419804-1419967	Pf3D7_11_v3-1419781-1419997-2	v2
Pf3D7_11_v3-1529648-1529837	Pf3D7_11_v3-1529617-1529864-2	v2
Pf3D7_11_v3-1552430-1552640	Pf3D7_11_v3-1552397-1552667-1	v1
Pf3D7_11_v3-1552430-1552655	Pf3D7_11_v3-1552398-1552685-2	v2
Pf3D7_11_v3-1750865-1751054	Pf3D7_11_v3-1750834-1751083-2	v2
Pf3D7_11_v3-1750865-1751055	Pf3D7_11_v3-1750833-1751083-1	v1
Pf3D7_11_v3-1816178-1816346	Pf3D7_11_v3-1816152-1816378-1A	D1.1
Pf3D7_11_v3-1816211-1816423	Pf3D7_11_v3-1816182-1816451-2	v2
Pf3D7_11_v3-1816211-1816425	Pf3D7_11_v3-1816181-1816452-1	v1
Pf3D7_11_v3-1902064-1902257	Pf3D7_11_v3-1902034-1902278-1B	R1.1
Pf3D7_11_v3-1902070-1902253	Pf3D7_11_v3-1902041-1902278-2	R2.1
Pf3D7_11_v3-1934989-1935203	Pf3D7_11_v3-1934962-1935236-1A	D1.1
Pf3D7_11_v3-1950426-1950606	Pf3D7_11_v3-1950401-1950636-1B	R1.1
Pf3D7_11_v3-1950459-1950650	Pf3D7_11_v3-1950431-1950680-2	R2.1
Pf3D7_11_v3-1968063-1968242	Pf3D7_11_v3-1968031-1968273-1B	R1.1
Pf3D7_11_v3-1968082-1968268	Pf3D7_11_v3-1968050-1968296-2	R2.1
Pf3D7_11_v3-2001753-2001929	Pf3D7_11_v3-2001721-2001954-1B	R1.1
Pf3D7_11_v3-2001757-2001969	Pf3D7_11_v3-2001725-2001999-2	R2.1
Pf3D7_11_v3-2001998-2002198	Pf3D7_11_v3-2001969-2002222-1B	R1.1
Pf3D7_12_v3-0063113-0063281	Pf3D7_12_v3-63081-63314-1A	D1.1
Pf3D7_12_v3-0063161-0063285	Pf3D7_12_v3-63130-63317-2	v2
Pf3D7_12_v3-0063166-0063280	Pf3D7_12_v3-63135-63313-1	v1
Pf3D7_12_v3-0077043-0077202	Pf3D7_12_v3-77012-77235-2	v2
Pf3D7_12_v3-0233445-0233639	Pf3D7_12_v3-233418-233671-1A	D1.1
Pf3D7_12_v3-0371972-0372133	Pf3D7_12_v3-371946-372165-2	v2
Pf3D7_12_v3-0418792-0419010	Pf3D7_12_v3-418763-419042-2	v2
Pf3D7_12_v3-0529526-0529735	Pf3D7_12_v3-529495-529767-1A	D1.1
Pf3D7_12_v3-0659891-0660010	Pf3D7_12_v3-659858-660037-1	v1
Pf3D7_12_v3-0659891-0660012	Pf3D7_12_v3-659859-660039-2	v2
Pf3D7_12_v3-0659902-0660096	Pf3D7_12_v3-659881-660127-1A	D1.1,M1.1
Pf3D7_12_v3-0684043-0684207	Pf3D7_12_v3-684011-684240-1A	D1.1
Pf3D7_12_v3-0684081-0684276	Pf3D7_12_v3-684052-684301-2	v2
Pf3D7_12_v3-0684088-0684261	Pf3D7_12_v3-684059-684289-1	v1
Pf3D7_12_v3-0802621-0802751	Pf3D7_12_v3-802593-802784-2	v2
Pf3D7_12_v3-0857082-0857293	Pf3D7_12_v3-857050-857323-1A	D1.1
Pf3D7_12_v3-0907094-0907321	Pf3D7_12_v3-907063-907352-2	v2
Pf3D7_12_v3-0943258-0943428	Pf3D7_12_v3-943227-943456-1	v1
Pf3D7_12_v3-0943258-0943428	Pf3D7_12_v3-943228-943456-2	v2
Pf3D7_12_v3-1022591-1022778	Pf3D7_12_v3-1022568-1022802-2	v2
Pf3D7_12_v3-1237431-1237603	Pf3D7_12_v3-1237407-1237636-1	v1
Pf3D7_12_v3-1398809-1398926	Pf3D7_12_v3-1398778-1398953-2	v2
Pf3D7_12_v3-1597979-1598134	Pf3D7_12_v3-1597948-1598162-2	v2
Pf3D7_12_v3-1850311-1850534	Pf3D7_12_v3-1850283-1850563-2	v2
Pf3D7_12_v3-1959668-1959858	Pf3D7_12_v3-1959644-1959891-1A	D1.1
Pf3D7_12_v3-2050125-2050314	Pf3D7_12_v3-2050100-2050346-2	v2
Pf3D7_12_v3-2050130-2050314	Pf3D7_12_v3-2050103-2050346-1	v1
Pf3D7_12_v3-2092558-2092765	Pf3D7_12_v3-2092529-2092798-1B	M1.1,R1.1,R1.2
Pf3D7_12_v3-2092682-2092852	Pf3D7_12_v3-2092654-2092884-2	M2.1,R2.1
Pf3D7_13_v3-0103244-0103470	Pf3D7_13_v3-103212-103497-2	v2
Pf3D7_13_v3-0103659-0103879	Pf3D7_13_v3-103631-103905-1	v1
Pf3D7_13_v3-0103659-0103887	Pf3D7_13_v3-103632-103916-2	v2
Pf3D7_13_v3-0146724-0146904	Pf3D7_13_v3-146695-146934-1A	D1.1,M2.1
Pf3D7_13_v3-0156486-0156652	Pf3D7_13_v3-156456-156685-1A	D1.1
Pf3D7_13_v3-0156566-0156722	Pf3D7_13_v3-156535-156753-1	v1
Pf3D7_13_v3-0156575-0156708	Pf3D7_13_v3-156543-156740-2	v2
Pf3D7_13_v3-0156745-0156956	Pf3D7_13_v3-156713-156986-1A	D1.1
Pf3D7_13_v3-0301903-0302115	Pf3D7_13_v3-301871-302143-2	v2
Pf3D7_13_v3-0388170-0388378	Pf3D7_13_v3-388138-388408-1A	D1.1
Pf3D7_13_v3-0479601-0479778	Pf3D7_13_v3-479569-479811-1A	D1.1
Pf3D7_13_v3-0530426-0530622	Pf3D7_13_v3-530399-530648-2	v2
Pf3D7_13_v3-0748286-0748477	Pf3D7_13_v3-748254-748510-1B	R1.1,R1.2
Pf3D7_13_v3-0757364-0757492	Pf3D7_13_v3-757337-757521-2	v2
Pf3D7_13_v3-0815894-0816058	Pf3D7_13_v3-815862-816091-1A	D1.1
Pf3D7_13_v3-0852679-0852897	Pf3D7_13_v3-852647-852921-1A	D1.1
Pf3D7_13_v3-0911782-0911974	Pf3D7_13_v3-911757-912005-1A	D1.1
Pf3D7_13_v3-0935644-0935858	Pf3D7_13_v3-935613-935884-1A	D1.1
Pf3D7_13_v3-0937375-0937563	Pf3D7_13_v3-937346-937594-2	v2
Pf3D7_13_v3-0958275-0958482	Pf3D7_13_v3-958247-958510-1B	R1.1,R1.2
Pf3D7_13_v3-1004772-1004969	Pf3D7_13_v3-1004740-1005002-1A	D1.1
Pf3D7_13_v3-1041624-1041829	Pf3D7_13_v3-1041593-1041860-1AB	D1.1,R1.1
Pf3D7_13_v3-1146788-1146982	Pf3D7_13_v3-1146764-1147010-1A	D1.1
Pf3D7_13_v3-1150303-1150493	Pf3D7_13_v3-1150279-1150526-1	v1
Pf3D7_13_v3-1150303-1150495	Pf3D7_13_v3-1150280-1150528-2	v2
Pf3D7_13_v3-1233117-1233299	Pf3D7_13_v3-1233093-1233332-1A	D1.1
Pf3D7_13_v3-1265526-1265694	Pf3D7_13_v3-1265494-1265726-1A	D1.1
Pf3D7_13_v3-1350887-1351062	Pf3D7_13_v3-1350855-1351093-1A	D1.1
Pf3D7_13_v3-1406745-1406947	Pf3D7_13_v3-1406713-1406975-1A	D1.1
Pf3D7_13_v3-1419395-1419601	Pf3D7_13_v3-1419363-1419626-1A	D1.1,M1.1
Pf3D7_13_v3-1419543-1419670	Pf3D7_13_v3-1419519-1419700-1	v1
Pf3D7_13_v3-1419543-1419681	Pf3D7_13_v3-1419520-1419711-2	v2
Pf3D7_13_v3-1465035-1465280	Pf3D7_13_v3-1465010-1465307-1B	R1.1,R1.2
Pf3D7_13_v3-1465148-1465373	Pf3D7_13_v3-1465124-1465399-2	v2
Pf3D7_13_v3-1465583-1465810	Pf3D7_13_v3-1465557-1465838-2	v2
Pf3D7_13_v3-1465638-1465870	Pf3D7_13_v3-1465616-1465890-1A	D1.1,M1.1
Pf3D7_13_v3-1465925-1466124	Pf3D7_13_v3-1465901-1466157-1A	D1.1
Pf3D7_13_v3-1466201-1466390	Pf3D7_13_v3-1466169-1466418-2	v2
Pf3D7_13_v3-1724844-1725047	Pf3D7_13_v3-1724812-1725080-6	M1.1
Pf3D7_13_v3-1724925-1725137	Pf3D7_13_v3-1724895-1725166-1B	R1.1,R1.2
Pf3D7_13_v3-1725038-1725224	Pf3D7_13_v3-1725006-1725257-6	M2.1
Pf3D7_13_v3-1725151-1725336	Pf3D7_13_v3-1725124-1725365-2	R2.1
Pf3D7_13_v3-1725216-1725423	Pf3D7_13_v3-1725184-1725456-6	M1.1
Pf3D7_13_v3-1725231-1725441	Pf3D7_13_v3-1725208-1725471-1B	R1.1,R1.2
Pf3D7_13_v3-1725354-1725582	Pf3D7_13_v3-1725322-1725608-2	v2
Pf3D7_13_v3-1725365-1725570	Pf3D7_13_v3-1725337-1725592-1	v1
Pf3D7_13_v3-1725403-1725620	Pf3D7_13_v3-1725379-1725652-2	R2.1
Pf3D7_13_v3-1725417-1725633	Pf3D7_13_v3-1725387-1725660-6	M2.1
Pf3D7_13_v3-1725489-1725698	Pf3D7_13_v3-1725463-1725721-6	M1.1
Pf3D7_13_v3-1725493-1725694	Pf3D7_13_v3-1725464-1725719-1B	R1.1,R1.2
Pf3D7_13_v3-1725740-1725923	Pf3D7_13_v3-1725713-1725955-1B	R1.1
Pf3D7_13_v3-1725915-1726094	Pf3D7_13_v3-1725887-1726123-2	R2.1
Pf3D7_13_v3-1726089-1726271	Pf3D7_13_v3-1726057-1726304-1B	R1.1
Pf3D7_13_v3-1726206-1726375	Pf3D7_13_v3-1726174-1726408-2	R2.1
Pf3D7_13_v3-1726755-1726967	Pf3D7_13_v3-1726723-1726995-1B	R1.1
Pf3D7_13_v3-1865942-1866090	Pf3D7_13_v3-1865917-1866120-2	v2
Pf3D7_13_v3-1876352-1876534	Pf3D7_13_v3-1876325-1876566-1	v1
Pf3D7_13_v3-1876352-1876543	Pf3D7_13_v3-1876326-1876575-2	v2
Pf3D7_13_v3-1876421-1876636	Pf3D7_13_v3-1876391-1876664-1A	D1.1
Pf3D7_13_v3-1879468-1879684	Pf3D7_13_v3-1879437-1879717-2	v2
Pf3D7_13_v3-2114271-2114454	Pf3D7_13_v3-2114242-2114482-1A	D1.1
Pf3D7_13_v3-2114854-2115057	Pf3D7_13_v3-2114829-2115090-1A	D1.1
Pf3D7_13_v3-2114965-2115142	Pf3D7_13_v3-2114934-2115174-2	v2
Pf3D7_13_v3-2114975-2115142	Pf3D7_13_v3-2114942-2115174-1	v1
Pf3D7_13_v3-2115469-2115701	Pf3D7_13_v3-2115442-2115731-2	v2
Pf3D7_13_v3-2124632-2124847	Pf3D7_13_v3-2124600-2124876-2	v2
Pf3D7_13_v3-2124634-2124847	Pf3D7_13_v3-2124602-2124876-1	v1
Pf3D7_13_v3-2180851-2181073	Pf3D7_13_v3-2180819-2181106-2	v2
Pf3D7_13_v3-2298810-2299035	Pf3D7_13_v3-2298780-2299062-2	v2
Pf3D7_13_v3-2479083-2479248	Pf3D7_13_v3-2479053-2479277-2	v2
Pf3D7_13_v3-2479086-2479246	Pf3D7_13_v3-2479055-2479275-1	v1
Pf3D7_13_v3-2481075-2481301	Pf3D7_13_v3-2481043-2481330-2	v2
Pf3D7_13_v3-2481106-2481288	Pf3D7_13_v3-2481079-2481321-1	v1
Pf3D7_13_v3-2504513-2504701	Pf3D7_13_v3-2504481-2504734-1B	R1.1,R1.2
Pf3D7_13_v3-2545091-2545258	Pf3D7_13_v3-2545065-2545291-1A	D1.1
Pf3D7_13_v3-2545676-2545807	Pf3D7_13_v3-2545648-2545834-2	v2
Pf3D7_13_v3-2669133-2669316	Pf3D7_13_v3-2669103-2669348-2	v2
Pf3D7_13_v3-2669135-2669307	Pf3D7_13_v3-2669104-2669339-1	v1
Pf3D7_13_v3-2735465-2735596	Pf3D7_13_v3-2735433-2735625-2	v2
Pf3D7_13_v3-2770622-2770830	Pf3D7_13_v3-2770591-2770863-2	R2.1
Pf3D7_13_v3-2770648-2770821	Pf3D7_13_v3-2770621-2770854-1B	R1.1,R1.2
Pf3D7_13_v3-2780366-2780542	Pf3D7_13_v3-2780346-2780575-1B	R1.1,R1.2
Pf3D7_13_v3-2814615-2814807	Pf3D7_13_v3-2814583-2814832-2	R2.1
Pf3D7_13_v3-2814630-2814826	Pf3D7_13_v3-2814606-2814855-1B	M1.1,R1.1,R1.2
Pf3D7_13_v3-2816333-2816526	Pf3D7_13_v3-2816310-2816554-1B	M1.1,R1.1,R1.2
Pf3D7_13_v3-2837435-2837626	Pf3D7_13_v3-2837411-2837659-2	v2
Pf3D7_13_v3-2840473-2840721	Pf3D7_13_v3-2840447-2840746-2	R2.1
Pf3D7_13_v3-2840494-2840703	Pf3D7_13_v3-2840462-2840736-1B	M1.1,R1.1,R1.2
Pf3D7_13_v3-2841410-2841661	Pf3D7_13_v3-2841390-2841688-1B2	M1.1,R1.1,R1.2,R2.1
Pf3D7_13_v3-2844354-2844599	Pf3D7_13_v3-2844334-2844629-1B2	M1.1,R1.1,R1.2,R2.1
Pf3D7_14_v3-0039953-0040137	Pf3D7_14_v3-39920-40170-1	v1
Pf3D7_14_v3-0039953-0040137	Pf3D7_14_v3-39921-40170-2	v2
Pf3D7_14_v3-0106893-0107084	Pf3D7_14_v3-106867-107115-1A	D1.1
Pf3D7_14_v3-0120133-0120332	Pf3D7_14_v3-120101-120365-1A	D1.1
Pf3D7_14_v3-0120202-0120353	Pf3D7_14_v3-120179-120383-2	v2
Pf3D7_14_v3-0120215-0120351	Pf3D7_14_v3-120188-120381-1	v1
Pf3D7_14_v3-0137430-0137636	Pf3D7_14_v3-137398-137668-1A	D1.1
Pf3D7_14_v3-0150105-0150294	Pf3D7_14_v3-150075-150318-1	v1
Pf3D7_14_v3-0150105-0150294	Pf3D7_14_v3-150076-150318-2	v2
Pf3D7_14_v3-0279590-0279800	Pf3D7_14_v3-279563-279833-1A	D1.1
Pf3D7_14_v3-0279648-0279797	Pf3D7_14_v3-279619-279824-2	v2
Pf3D7_14_v3-0279663-0279786	Pf3D7_14_v3-279635-279818-1	v1
Pf3D7_14_v3-0283380-0283552	Pf3D7_14_v3-283350-283576-1B	R1.1
Pf3D7_14_v3-0284005-0284184	Pf3D7_14_v3-283973-284211-1B	R1.1
Pf3D7_14_v3-0288461-0288664	Pf3D7_14_v3-288429-288696-1B	R1.1
Pf3D7_14_v3-0289328-0289517	Pf3D7_14_v3-289301-289550-1B	R1.1
Pf3D7_14_v3-0293607-0293796	Pf3D7_14_v3-293575-293829-1B	M1.1,R1.1,R1.2
Pf3D7_14_v3-0294534-0294741	Pf3D7_14_v3-294503-294768-2	R2.1
Pf3D7_14_v3-0294537-0294730	Pf3D7_14_v3-294506-294753-1B	M1.1,R1.1,R1.2
Pf3D7_14_v3-0297615-0297824	Pf3D7_14_v3-297583-297856-1B	M1.1,R1.1,R1.2
Pf3D7_14_v3-0297960-0298129	Pf3D7_14_v3-297935-298162-1B	R1.1
Pf3D7_14_v3-0298400-0298603	Pf3D7_14_v3-298368-298636-1B	M1.1,R1.1,R1.2
Pf3D7_14_v3-0377797-0377992	Pf3D7_14_v3-377765-378020-1A	D1.1,M2.1
Pf3D7_14_v3-0407338-0407509	Pf3D7_14_v3-407306-407542-1A	D1.1
Pf3D7_14_v3-0407379-0407571	Pf3D7_14_v3-407346-407604-1	v1
Pf3D7_14_v3-0407379-0407571	Pf3D7_14_v3-407347-407604-2	v2
Pf3D7_14_v3-0421354-0421514	Pf3D7_14_v3-421322-421547-1A	D1.1
Pf3D7_14_v3-0564208-0564377	Pf3D7_14_v3-564177-564409-1	v1
Pf3D7_14_v3-0564208-0564377	Pf3D7_14_v3-564178-564409-2	v2
Pf3D7_14_v3-0771432-0771601	Pf3D7_14_v3-771407-771633-1A	D1.1,M2.1
Pf3D7_14_v3-0774315-0774542	Pf3D7_14_v3-774286-774567-2	v2
Pf3D7_14_v3-0854154-0854394	Pf3D7_14_v3-854128-854427-1B	R1.1
Pf3D7_14_v3-0860314-0860509	Pf3D7_14_v3-860289-860542-1B	R1.1
Pf3D7_14_v3-0860865-0861038	Pf3D7_14_v3-860834-861066-1B	R1.1
Pf3D7_14_v3-0921208-0921399	Pf3D7_14_v3-921176-921432-1A	D1.1
Pf3D7_14_v3-1038326-1038505	Pf3D7_14_v3-1038300-1038538-1A	D1.1
Pf3D7_14_v3-1038369-1038486	Pf3D7_14_v3-1038340-1038518-1	v1
Pf3D7_14_v3-1038369-1038486	Pf3D7_14_v3-1038341-1038518-2	v2
Pf3D7_14_v3-1166134-1166338	Pf3D7_14_v3-1166107-1166371-1A	D1.1
Pf3D7_14_v3-1224373-1224486	Pf3D7_14_v3-1224342-1224519-2	v2
Pf3D7_14_v3-1392869-1393059	Pf3D7_14_v3-1392837-1393086-1A	D1.1
Pf3D7_14_v3-1719611-1719725	Pf3D7_14_v3-1719580-1719758-2	v2
Pf3D7_14_v3-1954881-1955099	Pf3D7_14_v3-1954850-1955124-1B	R1.1
Pf3D7_14_v3-1956088-1956301	Pf3D7_14_v3-1956056-1956330-1B	R1.1,R1.2
Pf3D7_14_v3-1956129-1956286	Pf3D7_14_v3-1956096-1956312-1	v1
Pf3D7_14_v3-1956129-1956303	Pf3D7_14_v3-1956097-1956331-2	v2
Pf3D7_14_v3-1956395-1956609	Pf3D7_14_v3-1956365-1956639-1B	R1.1
Pf3D7_14_v3-1957250-1957447	Pf3D7_14_v3-1957218-1957480-1B	R1.1
Pf3D7_14_v3-1971436-1971660	Pf3D7_14_v3-1971404-1971692-2	v2
Pf3D7_14_v3-1992153-1992347	Pf3D7_14_v3-1992121-1992370-1A	D1.1
Pf3D7_14_v3-1992240-1992426	Pf3D7_14_v3-1992214-1992458-2	v2
Pf3D7_14_v3-1992289-1992426	Pf3D7_14_v3-1992261-1992458-1	v1
Pf3D7_14_v3-2004394-2004574	Pf3D7_14_v3-2004362-2004606-1A	D1.1,M2.1
Pf3D7_14_v3-2020636-2020823	Pf3D7_14_v3-2020604-2020849-1A	D1.1
Pf3D7_14_v3-2081400-2081598	Pf3D7_14_v3-2081372-2081631-2	v2
Pf3D7_14_v3-2086361-2086503	Pf3D7_14_v3-2086329-2086533-2	v2
Pf3D7_14_v3-2260555-2260737	Pf3D7_14_v3-2260533-2260765-1A	D1.1
Pf3D7_14_v3-2355645-2355820	Pf3D7_14_v3-2355614-2355853-1A	D1.1
Pf3D7_14_v3-2355703-2355821	Pf3D7_14_v3-2355672-2355854-2	v2
Pf3D7_14_v3-2481064-2481245	Pf3D7_14_v3-2481033-2481276-1B	R1.1,R1.2
Pf3D7_14_v3-2524962-2525089	Pf3D7_14_v3-2524931-2525119-1	v1
Pf3D7_14_v3-2524962-2525089	Pf3D7_14_v3-2524932-2525119-2	v2
Pf3D7_14_v3-2575531-2575663	Pf3D7_14_v3-2575499-2575689-2	v2
Pf3D7_14_v3-2695869-2696052	Pf3D7_14_v3-2695837-2696082-1A	D1.1
Pf3D7_14_v3-2733377-2733564	Pf3D7_14_v3-2733345-2733593-1A	D1.1
Pf3D7_14_v3-2858925-2859127	Pf3D7_14_v3-2858894-2859160-1A	D1.1
Pf3D7_14_v3-3091111-3091294	Pf3D7_14_v3-3091081-3091326-2	v2
Pf3D7_14_v3-3120905-3121141	Pf3D7_14_v3-3120886-3121174-2	v2
Pf3D7_14_v3-3121663-3121811	Pf3D7_14_v3-3121631-3121844-2	v2
Pf3D7_14_v3-3124441-3124626	Pf3D7_14_v3-3124416-3124655-1A	D1.1
Pf3D7_14_v3-3124642-3124840	Pf3D7_14_v3-3124615-3124870-2	v2
Pf3D7_14_v3-3124642-3124842	Pf3D7_14_v3-3124614-3124870-1	v1
Pf3D7_14_v3-3125829-3126040	Pf3D7_14_v3-3125801-3126073-1A	D1.1
Pf3D7_14_v3-3126025-3126229	Pf3D7_14_v3-3125993-3126258-2	v2
Pf3D7_14_v3-3189500-3189672	Pf3D7_14_v3-3189468-3189697-2	v2
Pf3D7_14_v3-3193666-3193812	Pf3D7_14_v3-3193634-3193838-2	v2
Pf3D7_14_v3-3214281-3214486	Pf3D7_14_v3-3214249-3214516-1A	D1.1
Pf3D7_14_v3-3214283-3214477	Pf3D7_14_v3-3214254-3214502-2	v2
Pf3D7_14_v3-3214351-3214478	Pf3D7_14_v3-3214318-3214502-1	v1
PmUG01_12_v1-1398020-1398213	PmUG01_12_v1-1397996-1398245-1AB	D1.1,M1.1,R1.1,R1.2
PmUG01_MIT_v1-0000606-0000784	PmUG01_MIT_v1-574-817-6	M1.addon
PocGH01_12_v1-1106482-1106671	PocGH01_12_v1-1106456-1106697-1AB	D1.1,M1.1,R1.1,R1.2
PocGH01_MIT_v2-0000358-0000550	PocGH01_MIT_v2-336-583-6	M1.addon
PvP01_12_v1-1185007-1185184	PvP01_12_v1-1184983-1185208-1AB	D1.1,M1.1,R1.1,R1.2
PvP01_MIT_v2-0004470-0004642	PvP01_MIT_v2-4440-4671-6	M1.addon
