chrom	amplicon_start	amplicon_end	fwd_primer	rev_primer	fwd_p_len	rev_p_len	ampInsert_start	ampInsert_end	amplicon	amplicon_length	ampInsert_length
Pf3D7_MIT_v3	89	315	ACCATCCAATTTGATT	CTTGAGGCAGTTTGTT	16	16	105	299	Pf3D7_MIT_v3-0000104-0000299-1A	226	194
Pf3D7_MIT_v3	1638	1893	TAGCGTGTATTGTTGCCT	CCTTTAATGTAGTTTCCTCACA	18	22	1656	1871	Pf3D7_MIT_v3-0001655-0001871-1A	255	215
Pf3D7_01_v3	145387	145591	TCCTGAGTTTTAAGTGAATG	AGTTTGTTGATGAAAGAAAG	20	20	145407	145571	Pf3D7_01_v3-0145406-0145571-1A	204	164
Pf3D7_01_v3	179275	179472	CACATATCCAGCCCTCA	GCTTGTGTTATTAATCCTGT	17	20	179292	179452	Pf3D7_01_v3-0179291-0179452-1A	197	160
Pf3D7_01_v3	180440	180684	ACACCCAGAAATATAAATGGA	TTCAAAACGACGTTATTACA	21	20	180461	180664	Pf3D7_01_v3-0180460-0180664-1A	244	203
Pf3D7_01_v3	283028	283215	ATGGATTAAACGCTGATATG	ATCATCATTTTCCTCATCAT	20	20	283048	283195	Pf3D7_01_v3-0283047-0283195-1A	187	147
Pf3D7_01_v3	535181	535411	AAATAATAAGAACAACGATG	CACTCATCAATTAATTGTTC	20	20	535201	535391	Pf3D7_01_v3-0535200-0535391-1A	230	190
Pf3D7_02_v3	376175	376386	GATGTGATTTCTCTACGAAC	AGGTATAACTTCACGAAATT	20	20	376195	376366	Pf3D7_02_v3-0376194-0376366-1A	211	171
Pf3D7_02_v3	469966	470121	AATATGTTGTTTGTGTGGTC	TTGCCATGATAAACCTTTTC	20	20	469986	470101	Pf3D7_02_v3-0469985-0470101-1A	155	115
Pf3D7_02_v3	529601	529790	AAAAGACAAGAGTACAAAAG	ACCAGCTATTTCTTGATATG	20	20	529621	529770	Pf3D7_02_v3-0529620-0529770-1A	189	149
Pf3D7_02_v3	714250	714539	TGAGGTGATCACTATGTTTA	TTCATCCAAGGTTTTGTCTT	20	20	714270	714519	Pf3D7_02_v3-0714269-0714519-1A	289	249
Pf3D7_02_v3	839444	839660	AGAATGATTTGAAAATTGCA	AAATCGTGTGCATCCATTAT	20	20	839464	839640	Pf3D7_02_v3-0839463-0839640-1A	216	176
Pf3D7_03_v3	155594	155814	ACGTCTCATTACCAAATTCA	TTTATCAACTGAAGGTACAA	20	20	155614	155794	Pf3D7_03_v3-0155613-0155794-1A	220	180
Pf3D7_03_v3	548018	548221	TGGGTAAGTTACATTCTTCT	TGTTCATTATGATTAATTATATG	20	23	548038	548198	Pf3D7_03_v3-0548037-0548198-1A	203	160
Pf3D7_03_v3	656654	656947	ATTATTATCATCACAATGGT	AGTATGAAGGGTGATGATAC	20	20	656674	656927	Pf3D7_03_v3-0656673-0656927-1A	293	253
Pf3D7_04_v3	110405	110596	ATTGGAAAATTCATGTAGTG	AGGAAAGACAGCAACAATAA	20	20	110425	110576	Pf3D7_04_v3-0110424-0110576-1A	191	151
Pf3D7_04_v3	138886	139078	AAATTCTAGTAGTAAATACA	TGCATATTCTTTTAAATCGTTT	20	22	138906	139056	Pf3D7_04_v3-0138905-0139056-1A	192	150
Pf3D7_04_v3	286413	286654	TATATAATGCGTCTCTGTCC	TGAAAAGGAAACAAATAAGG	20	20	286433	286634	Pf3D7_04_v3-0286432-0286634-1A	241	201
Pf3D7_04_v3	426254	426467	GGGAGTTGGCTGTAATAATT	CTTCCATGACAAGGAAGAAT	20	20	426274	426447	Pf3D7_04_v3-0426273-0426447-1A	213	173
Pf3D7_04_v3	529314	529554	AATAGGAGACAGAATTTGAT	TAAGAATTCCTTAGGACACG	20	20	529334	529534	Pf3D7_04_v3-0529333-0529534-1A	240	200
Pf3D7_04_v3	531008	531246	TCTCATCCATATGTATCCAC	ACAAAAGCAGCAATACACAT	20	20	531028	531226	Pf3D7_04_v3-0531027-0531226-1A	238	198
Pf3D7_04_v3	648076	648279	AATTTCACATTATACCTTCC	TGATACAAATTCATATAAATA	20	21	648096	648258	Pf3D7_04_v3-0648095-0648258-1A	203	162
Pf3D7_04_v3	748109	748353	GTTTTCGATATTTATGCCATA	ACATTATCCACAGTTTCTTT	21	20	748130	748333	Pf3D7_04_v3-0748129-0748333-1A	244	203
Pf3D7_04_v3	748388	748604	GTTGTAGTTATGGGAAGAAC	ATTCTTGATAAACAACGGAA	20	20	748408	748584	Pf3D7_04_v3-0748407-0748584-1A	216	176
Pf3D7_04_v3	748927	749122	TGATGATGATGAAGAAGAAGA	TCGATCACTTTGTTTATTTC	21	20	748948	749102	Pf3D7_04_v3-0748947-0749102-1A	195	154
Pf3D7_04_v3	881414	881613	ACAAGGTACATTATTATGGAA	AATATTATATGCAACACCCA	21	20	881435	881593	Pf3D7_04_v3-0881434-0881593-1A	199	158
Pf3D7_04_v3	891597	891793	CATTCCTCCTAGTTTAAACC	GAGCAAATTCTTGAGCATTA	20	20	891617	891773	Pf3D7_04_v3-0891616-0891773-1A	196	156
Pf3D7_04_v3	941756	942744	AGCATCATTTTGC	ATATATAATTCAACAACA	13	18	941769	942726	Pf3D7_04_v3-0941768-0942726-1A	988	957
Pf3D7_04_v3	1037508	1037732	TAAATGCTGAAGATGAACCA	ATGGTAAATAAAGTGAGTGT	20	20	1037528	1037712	Pf3D7_04_v3-1037527-1037712-1A	224	184
Pf3D7_04_v3	1102365	1102554	TAGAGGTGTTGATGTTAATAT	ATCATCAAAATATACATCCCC	21	21	1102386	1102533	Pf3D7_04_v3-1102385-1102533-1A	189	147
Pf3D7_04_v3	1103045	1103255	GGAATAAATGGATTGAGAGA	TATCTTGCAATCCATCTTTT	20	20	1103065	1103235	Pf3D7_04_v3-1103064-1103235-1A	210	170
Pf3D7_05_v3	172696	172943	ATTATTGGACGTTCAGAAAC	GGTTCCAATACTAATATGGAT	20	21	172716	172922	Pf3D7_05_v3-0172715-0172922-1A	247	206
Pf3D7_05_v3	369686	369885	GCCTCCTATAATCATAGTGAA	TTGTCATTATTATTTGATCTT	21	21	369707	369864	Pf3D7_05_v3-0369706-0369864-1A	199	157
Pf3D7_05_v3	796653	796860	AGTTAATGAAAAGAACCCAA	TATGGTGTTTTACGTTTTAG	20	20	796673	796840	Pf3D7_05_v3-0796672-0796840-1A	207	167
Pf3D7_05_v3	958072	958319	TGTATGTGCTGTATTATCAG	CATGAAATTGTCCATCTTGA	20	20	958092	958299	Pf3D7_05_v3-0958091-0958299-1A	247	207
Pf3D7_05_v3	958409	958623	TTTACATATGCCAGTTCCTT	GCAACAGTTCTTATTCCCAT	20	20	958429	958603	Pf3D7_05_v3-0958428-0958603-1A	214	174
Pf3D7_05_v3	960798	961035	TTGCATTTAGTTCAGATGAT	CCAAACCAATAGGCAAAACT	20	20	960818	961015	Pf3D7_05_v3-0960817-0961015-1A	237	197
Pf3D7_05_v3	961544	961744	TCTGCAGAAGATTATACTGT	ACTAACACGTTTAACATCTT	20	20	961564	961724	Pf3D7_05_v3-0961563-0961724-1A	200	160
Pf3D7_05_v3	1204128	1204355	AGATGAGTGGAATAAAATTTCA	GTCATATTCGAAGGATCAAA	22	20	1204150	1204335	Pf3D7_05_v3-1204149-1204335-1A	227	185
Pf3D7_06_v3	574841	575054	TGACGATGATGAAAACATGA	ACATTTATACATGCCCAACA	20	20	574861	575034	Pf3D7_06_v3-0574860-0575034-1A	213	173
Pf3D7_06_v3	900091	900314	TGTTCATCCTTTATTTCAACA	TGTCCATTGGATTTAATTCC	21	20	900112	900294	Pf3D7_06_v3-0900111-0900294-1A	223	182
Pf3D7_06_v3	1282649	1282867	CAAATGTACAAGTGAGGAGT	TGCTTCATTTGTAAATAAAATG	20	22	1282669	1282845	Pf3D7_06_v3-1282668-1282845-1A	218	176
Pf3D7_06_v3	1289144	1289339	GGGGAACTATTTAGATTACA	TTTCCAAATTTCCCTTTACT	20	20	1289164	1289319	Pf3D7_06_v3-1289163-1289319-1A	195	155
Pf3D7_07_v3	403483	403687	TTAACAGATGGCTCACGTT	GAGTTTCGGATGTTACAAAA	19	20	403502	403667	Pf3D7_07_v3-0403501-0403667-1A	204	165
Pf3D7_07_v3	403629	403818	TTTTGCTAAAAGAACTTTAAA	TTGGTAGGTGGAATAGATTC	21	20	403650	403798	Pf3D7_07_v3-0403649-0403798-1A	189	148
Pf3D7_07_v3	404352	404600	ATCTTTTGAAACACAAGAAG	ATTTCCCTTGTCATGTTTGA	20	20	404372	404580	Pf3D7_07_v3-0404371-0404580-1A	248	208
Pf3D7_07_v3	404778	405026	TTTCCAATTGTTCACTTCTT	TATTTTACCTCTACGACTGT	20	20	404798	405006	Pf3D7_07_v3-0404797-0405006-1A	248	208
Pf3D7_07_v3	405189	405432	GAGCATGGGTAAGAAGCTTA	CCTCTTGTATGTATCAACGT	20	20	405209	405412	Pf3D7_07_v3-0405208-0405412-1A	243	203
Pf3D7_07_v3	405574	405763	TGTTAGTTGTATACAAGGTC	ACGTTGTACCATCATAAACA	20	20	405594	405743	Pf3D7_07_v3-0405593-0405743-1A	189	149
Pf3D7_07_v3	405753	405965	TGGTACAACGTATCATATTT	ACGAACAAGCCATTTGATAT	20	20	405773	405945	Pf3D7_07_v3-0405772-0405945-1A	212	172
Pf3D7_07_v3	460980	461219	GTATATATCACAACAATATTTA	CTGAGATTATTTAATTCTTCTTT	22	23	461002	461196	Pf3D7_07_v3-0461001-0461196-1A	239	194
Pf3D7_07_v3	619931	620131	CCTATGCTAAAACTGAACGA	TGTGTTATATGGAAGAAAAG	20	20	619951	620111	Pf3D7_07_v3-0619950-0620111-1A	200	160
Pf3D7_07_v3	635786	636015	TTACTGCGCCTATCATTATT	AAAAGGGATGGAGATTACAA	20	20	635806	635995	Pf3D7_07_v3-0635805-0635995-1A	229	189
Pf3D7_07_v3	704324	704514	GAAGGATTAAGGAGAAACAC	ATCCCTATCTCTTTCTCTTT	20	20	704344	704494	Pf3D7_07_v3-0704343-0704494-1A	190	150
Pf3D7_07_v3	1043987	1044185	GGAACACGCTTATCATTTAT	ATGACAACCAAAATGAAGGA	20	20	1044007	1044165	Pf3D7_07_v3-1044006-1044165-1A	198	158
Pf3D7_07_v3	1066617	1066821	TCATTATGTTTAAAGGAAAG	TGTGTTCACAAATATCTTCAT	20	21	1066637	1066800	Pf3D7_07_v3-1066636-1066800-1A	204	163
Pf3D7_07_v3	1213374	1213563	ATTTCTCCTAACTTACGTCA	AACAAACACATACATAAAAC	20	20	1213394	1213543	Pf3D7_07_v3-1213393-1213543-1A	189	149
Pf3D7_07_v3	1256304	1256505	GGTAATATAAATATGTATGATGGAA	TTTCACTTTCTTGAACTACA	25	20	1256329	1256485	Pf3D7_07_v3-1256328-1256485-1A	201	156
Pf3D7_07_v3	1308322	1308511	CCATTACCTTTACCTTTTCC	TTGATTATGATGATGATGAC	20	20	1308342	1308491	Pf3D7_07_v3-1308341-1308491-1A	189	149
Pf3D7_07_v3	1358813	1359052	TGGAGGTTATTCAACTAAG	AGCAAAAATTCTCCATGC	19	18	1358832	1359034	Pf3D7_07_v3-1358831-1359034-1A	239	202
Pf3D7_07_v3	1359171	1359404	AGTAAATTTGAATGGCATAC	TTCACGCTTTTCCTTAATTG	20	20	1359191	1359384	Pf3D7_07_v3-1359190-1359384-1A	233	193
Pf3D7_08_v3	149855	150098	ATCAACAAGACGTTTCTGAT	GGTATAACACGTTCCAATAC	20	20	149875	150078	Pf3D7_08_v3-0149874-0150078-1A	243	203
Pf3D7_08_v3	339365	339586	TATTTCAAATATCCAACCGC	TATAGATGGAAAGCAACCTA	20	20	339385	339566	Pf3D7_08_v3-0339384-0339566-1A	221	181
Pf3D7_08_v3	399752	399946	TTTCATCATTGTGTTGAATG	TTGCTCTTGTGAATGAAAGT	20	20	399772	399926	Pf3D7_08_v3-0399771-0399926-1A	194	154
Pf3D7_08_v3	412991	413240	AATGTGTACGAGAAACATC	TCATAAGTTTCTTCTAAATAGATA	19	24	413010	413216	Pf3D7_08_v3-0413009-0413216-1A	249	206
Pf3D7_08_v3	417190	417387	AGGATCATATCTTCGGACTT	ACAGTAGAGCAAACAAAAGA	20	20	417210	417367	Pf3D7_08_v3-0417209-0417367-1A	197	157
Pf3D7_08_v3	549596	549813	TTTTGTTGAACCTAAACGT	TTATAATTGGTTTCGCATCA	19	20	549615	549793	Pf3D7_08_v3-0549614-0549793-1A	217	178
Pf3D7_08_v3	549888	550090	AGTGCTTGTACAAATAATC	ATCCTATAACGAGGTATTC	19	19	549907	550071	Pf3D7_08_v3-0549906-0550071-1A	202	164
Pf3D7_08_v3	550068	550283	AATGGAATACCTCGTTATAG	TTCATTTTGTTGTTCATCAT	20	20	550088	550263	Pf3D7_08_v3-0550087-0550263-1A	215	175
Pf3D7_08_v3	1056669	1056900	TGACAATATGGCTAGTAACA	ATCATCATTGTCTAAAGCTT	20	20	1056689	1056880	Pf3D7_08_v3-1056688-1056880-1A	231	191
Pf3D7_08_v3	1314801	1315026	AGAAGATTTTAAAGAAGAAGAAT	TTCCCTTATATTCCATTCTT	23	20	1314824	1315006	Pf3D7_08_v3-1314823-1315006-1A	225	182
Pf3D7_09_v3	163871	164105	TTCATTCATCAAGTGATCCA	GTAACTAATGGTTTTGCAAC	20	20	163891	164085	Pf3D7_09_v3-0163890-0164085-1A	234	194
Pf3D7_09_v3	452537	452737	CCAGGAACCATACTTTTGTT	TATATTTCGACCTGCTTCAA	20	20	452557	452717	Pf3D7_09_v3-0452556-0452717-1A	200	160
Pf3D7_09_v3	599570	599780	ATCATGACAAAGAAACATGT	TGTAGATTGTTCATATCTTC	20	20	599590	599760	Pf3D7_09_v3-0599589-0599760-1A	210	170
Pf3D7_09_v3	900133	900331	TGATTTGGAAATAACTGATG	TGTCCATGTTTAAATGCTTT	20	20	900153	900311	Pf3D7_09_v3-0900152-0900311-1A	198	158
Pf3D7_09_v3	1379059	1379307	TCCATTTCAATCTTTTCGTTT	TCAGGATGTGTTATGGTATC	21	20	1379080	1379287	Pf3D7_09_v3-1379079-1379287-1A	248	207
Pf3D7_10_v3	317447	317645	TTATCTTGTCTCATGTCATG	CAGCTTCTATACCTAATGCT	20	20	317467	317625	Pf3D7_10_v3-0317466-0317625-1A	198	158
Pf3D7_10_v3	336123	336345	TTGCTATAGTCATGATCATC	ACCTGGAGATTCATGTAATT	20	20	336143	336325	Pf3D7_10_v3-0336142-0336325-1A	222	182
Pf3D7_10_v3	361535	361724	ACTTCATCAGCATTTTCAA	CTCATTCATTAGGTGGTG	19	18	361554	361706	Pf3D7_10_v3-0361553-0361706-1A	189	152
Pf3D7_10_v3	1383728	1383968	TTTAGGTTGGTTAGAATGGA	ATGAACCCAACTTTCTTTAC	20	20	1383748	1383948	Pf3D7_10_v3-1383747-1383948-1A	240	200
Pf3D7_10_v3	1385858	1386086	CATTCCACATGTACGTAAAG	TGAGTGATAAACCTGCTTAT	20	20	1385878	1386066	Pf3D7_10_v3-1385877-1386066-1A	228	188
Pf3D7_10_v3	1386709	1386898	GGTTAAATATATTGAAGACGT	TGAGGACAAGGAAAATAATA	21	20	1386730	1386878	Pf3D7_10_v3-1386729-1386878-1A	189	148
Pf3D7_11_v3	408526	408775	CACAGGATGATGAATATAATAA	GACGGACATTCTTTCAAT	22	18	408548	408757	Pf3D7_11_v3-0408547-0408757-1A	249	209
Pf3D7_11_v3	477756	477946	AACAACCTTAGCATTGATTG	TATATTGACTTTCATCATTT	20	20	477776	477926	Pf3D7_11_v3-0477775-0477926-1A	190	150
Pf3D7_11_v3	828538	828780	TGTCCTTTTATATCTGTTTG	TGCATACATTAATAAAAGTGA	20	21	828558	828759	Pf3D7_11_v3-0828557-0828759-1A	242	201
Pf3D7_11_v3	1006871	1007111	TTAATTTTGCAAAATAGCGT	CGTTTTGGTCATTCATGTCT	20	20	1006891	1007091	Pf3D7_11_v3-1006890-1007091-1A	240	200
Pf3D7_11_v3	1018703	1018952	CAAAAGGTTCACAGAATATT	TGTGGTATAAGTAACATAAGTA	20	22	1018723	1018930	Pf3D7_11_v3-1018722-1018930-1A	249	207
Pf3D7_11_v3	1020290	1020517	TTATAATGCATGTGTCACCT	ACAGAAACATTAAACACAAC	20	20	1020310	1020497	Pf3D7_11_v3-1020309-1020497-1A	227	187
Pf3D7_11_v3	1294084	1294287	TATCCAATAGACCACGA	AAGTCTATATTGAGTTCCAG	17	20	1294101	1294267	Pf3D7_11_v3-1294100-1294267-1A	203	166
Pf3D7_11_v3	1295046	1295266	TAATTGGGGAAATTATAA	TCCCTTCATCATCATTATCAT	18	21	1295064	1295245	Pf3D7_11_v3-1295063-1295245-1A	220	181
Pf3D7_11_v3	1802101	1802331	GTGTATTTTCCTTTTCCCTG	AAGGAGATAGTTTACCTGGT	20	20	1802121	1802311	Pf3D7_11_v3-1802120-1802311-1A	230	190
Pf3D7_11_v3	1815250	1815497	ATGAGTTGTTATATTCATGTG	AACATATGCTGCAGATTTTGT	21	21	1815271	1815476	Pf3D7_11_v3-1815270-1815476-1A	247	205
Pf3D7_11_v3	1934907	1935103	GGATGTTCTTTTATGAAATCA	ACGTCAATACAAGAATTAAC	21	20	1934928	1935083	Pf3D7_11_v3-1934927-1935083-1A	196	155
Pf3D7_11_v3	1935107	1935322	TGGATCTAAGGATGTAATTT	AGGAATTCAAGAACTTTAGC	20	20	1935127	1935302	Pf3D7_11_v3-1935126-1935302-1A	215	175
Pf3D7_12_v3	857093	857304	TAAGATGTCCTATCAAGACG	ACGACATACTGCTATTTATG	20	20	857113	857284	Pf3D7_12_v3-0857112-0857284-1A	211	171
Pf3D7_12_v3	858337	858531	AAATAGAAAATTTGCCACAT	AGACCCCTGTTTTAGTAAGA	20	20	858357	858511	Pf3D7_12_v3-0858356-0858511-1A	194	154
Pf3D7_12_v3	974576	974777	GAGAAGGAAGACCTTGTT	TAGAATCCTTAAGAGACTGT	18	20	974594	974757	Pf3D7_12_v3-0974593-0974757-1A	201	163
Pf3D7_12_v3	1663421	1663628	CGTATGCACCGATTTTCTAT	ATATTTTCGAATCAGCGCTA	20	20	1663441	1663608	Pf3D7_12_v3-1663440-1663608-1A	207	167
Pf3D7_12_v3	1667524	1667733	CGCTGCTGAATATACATATC	TTCTTTTCTAATTCCTTTTC	20	20	1667544	1667713	Pf3D7_12_v3-1667543-1667713-1A	209	169
Pf3D7_12_v3	1934691	1934899	ACCTGGAATATTATCACCTT	TGACAAATCATGAAAATCAA	20	20	1934711	1934879	Pf3D7_12_v3-1934710-1934879-1A	208	168
Pf3D7_12_v3	2171806	2172013	TGAAGATTCTAAGGAACAAA	CTGATTCCACAAAAGAAGAA	20	20	2171826	2171993	Pf3D7_12_v3-2171825-2171993-1A	207	167
Pf3D7_13_v3	158918	159109	TCTAACAACACACTTTTATTC	CTACTTGGTAGGTATACGTC	21	20	158939	159089	Pf3D7_13_v3-0158938-0159089-1A	191	150
Pf3D7_13_v3	388201	388395	TGTCTTTGTCTCTTTTCCTT	ATCCAACTCAAAACAGCTTA	20	20	388221	388375	Pf3D7_13_v3-0388220-0388375-1A	194	154
Pf3D7_13_v3	748373	748577	TGATTGAGGACAAATTACAT	CATATAGTTGTAGGGGAGGT	20	20	748393	748557	Pf3D7_13_v3-0748392-0748557-1A	204	164
Pf3D7_13_v3	1056417	1056637	TTTTCATCGCAGGAAAATAC	TCGTCATTAATGTGTTTATT	20	20	1056437	1056617	Pf3D7_13_v3-1056436-1056617-1A	220	180
Pf3D7_13_v3	1233025	1233248	GGGTTCTACATTTTCCAGAT	ACCAACTTTGTAAAGCTGTA	20	20	1233045	1233228	Pf3D7_13_v3-1233044-1233228-1A	223	183
Pf3D7_13_v3	1419318	1419558	TCTTCTTGACCAAACATA	AAGTACAAAAACCAG	18	15	1419336	1419543	Pf3D7_13_v3-1419335-1419543-1A	240	207
Pf3D7_13_v3	1466198	1466447	CTTACTTGTAACAGTGCAT	GTATACGTCGTCATAATT	19	18	1466217	1466429	Pf3D7_13_v3-1466216-1466429-1A	249	212
Pf3D7_13_v3	1724912	1725156	ATGAATTTAGAACTTCGCCA	TCCATATGCCTTATTAGAAG	20	20	1724932	1725136	Pf3D7_13_v3-1724931-1725136-1A	244	204
Pf3D7_13_v3	1725070	1725319	TCATTATCAATACCTCCAACA	ATCGTATGAAAGCATGGGT	21	19	1725091	1725300	Pf3D7_13_v3-1725090-1725300-1A	249	209
Pf3D7_13_v3	1725261	1725475	CATAGCTGATGATCTAGG	CTGAGGTGTATGATCGTTTA	18	20	1725279	1725455	Pf3D7_13_v3-1725278-1725455-1A	214	176
Pf3D7_13_v3	1725428	1725657	AATTACTTGAAACATACCAT	TATAGGTGGATTTGATGGTG	20	20	1725448	1725637	Pf3D7_13_v3-1725447-1725637-1A	229	189
Pf3D7_13_v3	1725566	1725814	TAGACATAGGTGTACACATA	TCTTAGATAGGGATAGTGAG	20	20	1725586	1725794	Pf3D7_13_v3-1725585-1725794-1A	248	208
Pf3D7_13_v3	1725746	1725980	TGGGTATAGTTAACGGATTT	AAAATTGTTGATGCAAATAT	20	20	1725766	1725960	Pf3D7_13_v3-1725765-1725960-1A	234	194
Pf3D7_13_v3	1867434	1867662	CTCCGATTGGTAGTTATACA	AAAGGAGATGTATCATTTGC	20	20	1867454	1867642	Pf3D7_13_v3-1867453-1867642-1A	228	188
Pf3D7_13_v3	2161805	2162024	TCCAATTCCATGTATATTCAT	TATATGAACGAACTGGACAA	21	20	2161826	2162004	Pf3D7_13_v3-2161825-2162004-1A	219	178
Pf3D7_13_v3	2377741	2377941	ATTAAAGAAGAATGTGGAGC	GGAACGGCAAGGATATTTTA	20	20	2377761	2377921	Pf3D7_13_v3-2377760-2377921-1A	200	160
Pf3D7_13_v3	2504481	2504723	AATTTACCTGAAGACGTTAA	ATCCCATTCGATATCTATAC	20	20	2504501	2504703	Pf3D7_13_v3-2504500-2504703-1A	242	202
Pf3D7_13_v3	2573706	2573930	CCTTCATAACATATAGCAGC	TATGACACCAATCGTTAATC	20	20	2573726	2573910	Pf3D7_13_v3-2573725-2573910-1A	224	184
Pf3D7_14_v3	106860	107097	CCTATTCCATACAACATCAA	AAAGGTATACATGGTATATC	20	20	106880	107077	Pf3D7_14_v3-0106879-0107077-1A	237	197
Pf3D7_14_v3	137432	137677	ACCATTCATATTTTCTAGGTTT	ACGAAATTTATGAAGATGAG	22	20	137454	137657	Pf3D7_14_v3-0137453-0137657-1A	245	203
Pf3D7_14_v3	283895	284154	CGACAATGCTTTATTTACA	CATTCATATCTCTAAAGAATTT	19	22	283914	284132	Pf3D7_14_v3-0283913-0284132-1A	259	218
Pf3D7_14_v3	289112	289371	CGAACAAGCCGTTTTTACC	CATCTAAACCTTCAAAGAATTT	19	22	289131	289349	Pf3D7_14_v3-0289130-0289349-1A	259	218
Pf3D7_14_v3	289566	289836	CTAGGTGACCCATTTATG	TAGCTTTAGCATCATTCA	18	18	289584	289818	Pf3D7_14_v3-0289583-0289818-1A	270	234
Pf3D7_14_v3	294289	294548	TGAAAATGCTCTTTTCACC	CATCTAAATTCTGCAACATTTT	19	22	294308	294526	Pf3D7_14_v3-0294307-0294526-1A	259	218
Pf3D7_14_v3	298283	298542	TGAACAAGCCGTTTATTCC	CACTTGCAGATTCTACGAATTG	19	22	298302	298520	Pf3D7_14_v3-0298301-0298520-1A	259	218
Pf3D7_14_v3	438448	438661	GAGAAAATGAATCTATGCCT	ATGTGGTCAAGTGATGTATC	20	20	438468	438641	Pf3D7_14_v3-0438467-0438641-1A	213	173
Pf3D7_14_v3	1757515	1757762	GTAAATGACGAAGAACTAGC	TCTTCAATATGTAAATCATTCA	20	22	1757535	1757740	Pf3D7_14_v3-1757534-1757740-1A	247	205
Pf3D7_14_v3	1956067	1956297	TATCCATCTCATTTGCTTTT	GAATAGTTGATAGAGGTACC	20	20	1956087	1956277	Pf3D7_14_v3-1956086-1956277-1A	230	190
Pf3D7_14_v3	2164054	2164287	GCTACAAGGAGAAATGACAA	TCATCTGTAGAATCGGTAAG	20	20	2164074	2164267	Pf3D7_14_v3-2164073-2164267-1A	233	193
Pf3D7_14_v3	2355664	2355870	TTATCCAAACCCATTTAACG	AAATGTTTCGTTATATATGA	20	20	2355684	2355850	Pf3D7_14_v3-2355683-2355850-1A	206	166
Pf3D7_14_v3	2480905	2481117	CCCCAAAAGACAATAAGAAA	GCAAGAGTACTGTTTTATTT	20	20	2480925	2481097	Pf3D7_14_v3-2480924-2481097-1A	212	172
Pf3D7_14_v3	2625794	2626012	TCTTATTCGATCTGTACCTT	AAAGCTTGGTTAGAAGATTT	20	20	2625814	2625992	Pf3D7_14_v3-2625813-2625992-1A	218	178
Pf3D7_14_v3	2733565	2733804	TCAAAACCGTTTCATCTACA	TAAAAGATTCAGCATCGCTA	20	20	2733585	2733784	Pf3D7_14_v3-2733584-2733784-1A	239	199
Pf3D7_14_v3	3045935	3046142	CAGGAAATGAGATAATTGAC	TTTTCTCATTGGGACGGA	20	18	3045955	3046124	Pf3D7_14_v3-3045954-3046124-1A	207	169
Pf3D7_14_v3	3126026	3126257	AACAAGAGAATCAGGGCA	CATCTCTAGGTAATAACGTAC	18	21	3126044	3126236	Pf3D7_14_v3-3126043-3126236-1A	231	192
